,Top1_Acc_Epoch/train_phase/train_stream/Task000,Loss_Epoch/train_phase/train_stream/Task000,Top1_Acc_Exp/eval_phase/test_stream/Task000/Exp000,Loss_Exp/eval_phase/test_stream/Task000/Exp000,Top1_Acc_Exp/eval_phase/test_stream/Task000/Exp001,Loss_Exp/eval_phase/test_stream/Task000/Exp001,Top1_Acc_Exp/eval_phase/test_stream/Task000/Exp002,Loss_Exp/eval_phase/test_stream/Task000/Exp002,Top1_Acc_Exp/eval_phase/test_stream/Task000/Exp003,Loss_Exp/eval_phase/test_stream/Task000/Exp003,Top1_Acc_Exp/eval_phase/test_stream/Task000/Exp004,Loss_Exp/eval_phase/test_stream/Task000/Exp004,Top1_Acc_Stream/eval_phase/test_stream/Task000,Loss_Stream/eval_phase/test_stream/Task000
0,0.8679,0.5024755353505366,0.9332,0.26137240524393657,0.0748,17.02207523107281,0.1341,13.06307412532458,0.1395,8.11535489854647,0.1026,14.610239259437414,0.27684,10.614423183925052
1,0.85595,0.5980670114813084,0.9321,0.3270805462905954,0.9434,0.22358389922949823,0.1155,27.954024594323087,0.1382,16.730029617193885,0.0763,26.415820986558433,0.4411,14.330107928719123
2,0.8460833333333333,0.7145596481175134,0.9105,0.5152491399951347,0.9401,0.32303673264118954,0.9317,0.28052698690566463,0.1392,16.833264621048684,0.1226,29.831576750775262,0.60882,9.556730846273195
3,0.8403333333333334,0.7612573897577835,0.9026,0.5789221139170229,0.9236,0.45313195219120317,0.9252,0.43039575027550675,0.9305,0.2625114497620697,0.0974,35.90584009763778,0.75586,7.526160272756719
4,0.8345,0.8365928409293809,0.8918,0.760588304705763,0.9122,0.5779380522346199,0.9158,0.5509370757644035,0.9301,0.38165099036918276,0.9392,0.24102918006103663,0.91782,0.5024287206270099
